Name,Price
Pharmaton Vitality Cápsulas 30,$25.98
Calcio Minerales Calcio 12 3000 Ui 0.006 Suspensión 240 ml,$3.60
Redoxon 20 Ml Gotas 200 Mg/ml,$4.68
Complejo Complejo Grageas 20,$4.50
Complejo Complejo Jarabe 120 ml,$3.22
Cebion Naranja Tableta Efervescente 10,$4.90
Cebion Calcio 1000 Mg 600 Mg Tableta Efervescente 10,$6.37
Vitamina Cebion Fresa 100 Mg En Gotas 30 ml,$3.51
Nodor,$8.86
Nodor 12,$8.86
Simepar Cápsulas 40,$18.00
Cal-col 1.5 Suspensiones 240 ml,$4.00
Passinerval 100 Mg Suspensión 240 ml,$4.20
Vita 400 Ui Cápsulas 50,$16.43
Citrovit 30,$10.78
Ferro Complex Jarabe 240 ml,$4.99
Etec 1.000 Mg Cápsulas Blandas 30,$20.52
Dayamineral Jarabe 240 ml,$19.20
